{"name":"72868f82-2c34-43ea-bfac-c950a21d5edc","id":"/providers/Microsoft.Flow/flows/72868f82-2c34-43ea-bfac-c950a21d5edc","type":"Microsoft.Flow/flows","properties":{"apiId":"/providers/Microsoft.PowerApps/apis/shared_logicflows","displayName":"Flow to save email attachments","definition":{"metadata":{"workflowEntityId":null,"processAdvisorMetadata":null,"flowChargedByPaygo":null,"flowclientsuspensionreason":"None","flowclientsuspensiontime":null,"flowclientsuspensionreasondetails":null,"creator":{"id":"83d7100a-57da-4178-9efa-97c703de649b","type":"User","tenantId":"95813236-8b51-4283-8ead-ba0cb250d955"},"provisioningMethod":"FromDefinition","failureAlertSubscription":true,"clientLastModifiedTime":"2023-07-28T09:51:14.6282603Z"},"$schema":"https://schema.management.azure.com/providers/Microsoft.Logic/schemas/2016-06-01/workflowdefinition.json#","contentVersion":"1.0.0.0","parameters":{"$connections":{"defaultValue":{},"type":"Object"},"$authentication":{"defaultValue":{},"type":"SecureObject"}},"triggers":{"When_a_new_email_arrives_in_a_shared_mailbox_(V2)":{"recurrence":{"frequency":"Minute","interval":3},"splitOn":"@triggerOutputs()?['body/value']","metadata":{"operationMetadataId":"36a55da6-8e73-48ee-a4d0-f75474a6b14e"},"type":"OpenApiConnection","inputs":{"host":{"apiId":"/providers/Microsoft.PowerApps/apis/shared_office365","connectionName":"shared_office365_2","operationId":"SharedMailboxOnNewEmailV2"},"parameters":{"mailboxAddress":"","folderId":"Inbox","importance":"Any","hasAttachments":true,"includeAttachments":true},"authentication":"@parameters('$authentication')"}}},"actions":{"Apply_to_each":{"foreach":"@triggerOutputs()?['body/attachments']","actions":{"Get_file_content_using_path_-_To_check_existence_of_file_with_the_same_name_":{"runAfter":{},"metadata":{"operationMetadataId":"7c1473ea-9cb5-44a3-b893-1e7025f393ec"},"type":"OpenApiConnection","inputs":{"host":{"apiId":"/providers/Microsoft.PowerApps/apis/shared_sharepointonline","connectionName":"shared_sharepointonline","operationId":"GetFileContentByPath"},"parameters":{"dataset":"","path":"/Shared Documents/@{items('Apply_to_each')?['name']}","inferContentType":true},"authentication":"@parameters('$authentication')"}},"Create_file_-_To_save_attachment_with_its_name_suffixed_with_received_time":{"runAfter":{"Compose__-_To_retrieve_and_have_the_attachment_received_date_time":["Succeeded"]},"metadata":{"operationMetadataId":"df191a7d-6d96-494f-be3d-f093a1e8c59a"},"type":"OpenApiConnection","inputs":{"host":{"apiId":"/providers/Microsoft.PowerApps/apis/shared_sharepointonline","connectionName":"shared_sharepointonline","operationId":"CreateFile"},"parameters":{"dataset":"","folderPath":"/Shared Documents","name":"@{items('Apply_to_each')?['name']}  @{outputs('Compose__-_To_retrieve_and_have_the_attachment_received_date_time')}","body":"@items('Apply_to_each')?['contentBytes']"},"authentication":"@parameters('$authentication')"},"runtimeConfiguration":{"contentTransfer":{"transferMode":"Chunked"}}},"Compose__-_To_retrieve_and_have_the_attachment_received_date_time":{"runAfter":{"Get_file_content_using_path_-_To_check_existence_of_file_with_the_same_name_":["Succeeded"]},"metadata":{"operationMetadataId":"0bda416e-c661-4b22-9a2c-15aba44d246d"},"type":"Compose","inputs":"@formatDateTime(triggerOutputs()?['body/receivedDateTime'], 'dd/MM/yyyy hh:mm tt')"},"Create_file__2_-_To_save_attachment_with_its_actual_name":{"runAfter":{"Get_file_content_using_path_-_To_check_existence_of_file_with_the_same_name_":["Failed"]},"metadata":{"operationMetadataId":"798c4650-e9cf-4f42-8d34-bac27a8ae5c6"},"type":"OpenApiConnection","inputs":{"host":{"apiId":"/providers/Microsoft.PowerApps/apis/shared_sharepointonline","connectionName":"shared_sharepointonline","operationId":"CreateFile"},"parameters":{"dataset":"","folderPath":"/Shared Documents","name":"@{items('Apply_to_each')?['name']} ","body":"@items('Apply_to_each')?['contentBytes']"},"authentication":"@parameters('$authentication')"},"runtimeConfiguration":{"contentTransfer":{"transferMode":"Chunked"}}},"Send_an_HTTP_request_2_-_To_delete_the_attachment_from_the_email":{"runAfter":{"Create_file_-_To_save_attachment_with_its_name_suffixed_with_received_time":["Succeeded"]},"metadata":{"operationMetadataId":"a687ac78-8a49-4858-947d-3f492f890ced"},"type":"OpenApiConnection","inputs":{"host":{"apiId":"/providers/Microsoft.PowerApps/apis/shared_office365","connectionName":"shared_office365_2","operationId":"HttpRequest"},"parameters":{"Uri":"https://graph.microsoft.com/v1.0/users/<SharedMailboxAddress>/mailFolders/@{variables('InboxID')}/messages/@{triggerOutputs()?['body/id']}/attachments/@{items('Apply_to_each')?['id']}","Method":"DELETE","ContentType":"application/json"},"authentication":"@parameters('$authentication')"}},"Send_an_HTTP_request_3_-_To_delete_the_attachment_from_the_email":{"runAfter":{"Create_file__2_-_To_save_attachment_with_its_actual_name":["Succeeded"]},"metadata":{"operationMetadataId":"a687ac78-8a49-4858-947d-3f492f890ced"},"type":"OpenApiConnection","inputs":{"host":{"apiId":"/providers/Microsoft.PowerApps/apis/shared_office365","connectionName":"shared_office365_2","operationId":"HttpRequest"},"parameters":{"Uri":"https://graph.microsoft.com/v1.0/users/<SharedMailboxAddress>/mailFolders/@{variables('InboxID')}/messages/@{triggerOutputs()?['body/id']}/attachments/@{items('Apply_to_each')?['id']}","Method":"DELETE","ContentType":"application/json"},"authentication":"@parameters('$authentication')"}}},"runAfter":{"Initialize_variable_-_To_store_the_Inbox_folder_ID":["Succeeded"]},"metadata":{"operationMetadataId":"162d2672-7e72-4028-947e-bcd6fcb12386"},"type":"Foreach"},"Terminate_-_Terminate_the_flow_with_success_status":{"runAfter":{"Apply_to_each":["Failed"]},"metadata":{"operationMetadataId":"4711e473-b86d-4e97-b5dd-6ede533a5d27"},"type":"Terminate","inputs":{"runStatus":"Succeeded"}},"Initialize_variable_-_To_store_the_Inbox_folder_ID":{"runAfter":{"Send_an_HTTP_request_-_To_get_the_Inbox_folder_ID":["Succeeded"]},"metadata":{"operationMetadataId":"0d43a92e-d614-4dbc-af60-77b5fd08ebf7"},"type":"InitializeVariable","inputs":{"variables":[{"name":"InboxID","type":"string","value":"@{body('Send_an_HTTP_request_-_To_get_the_Inbox_folder_ID').value[0].id}"}]}},"Send_an_HTTP_request_-_To_get_the_Inbox_folder_ID":{"runAfter":{},"metadata":{"operationMetadataId":"5b92a11b-3239-452f-8401-4f4fa58703eb"},"type":"OpenApiConnection","inputs":{"host":{"apiId":"/providers/Microsoft.PowerApps/apis/shared_office365","connectionName":"shared_office365_2","operationId":"HttpRequest"},"parameters":{"Uri":"https://graph.microsoft.com/v1.0/users/<SharedMailboxAddress>/mailFolders?filter=displayName eq 'Inbox'","Method":"GET","ContentType":"application/json"},"authentication":"@parameters('$authentication')"}}}},"connectionReferences":{"shared_sharepointonline":{"connectionName":"152630f2f1104e76b1f35fb166c71f45","source":"Embedded","id":"/providers/Microsoft.PowerApps/apis/shared_sharepointonline","tier":"NotSpecified"},"shared_office365_2":{"connectionName":"7f912ac5752245e6a8ec4b3787c7d612","source":"Embedded","id":"/providers/Microsoft.PowerApps/apis/shared_office365","tier":"NotSpecified"}},"flowFailureAlertSubscribed":false,"isManaged":false}}