{"name":"e6ce061a-c3d7-4043-b065-54f99f504644","id":"/providers/Microsoft.Flow/flows/e6ce061a-c3d7-4043-b065-54f99f504644","type":"Microsoft.Flow/flows","properties":{"apiId":"/providers/Microsoft.PowerApps/apis/shared_logicflows","displayName":"Microsoft 365 User Creation Workflow with License Assignment, User Properties Update, Group Membership Assignment, and Granting File Accesses","definition":{"metadata":{"workflowEntityId":null,"processAdvisorMetadata":null,"flowChargedByPaygo":null,"flowclientsuspensionreason":"None","flowclientsuspensiontime":null,"flowclientsuspensionreasondetails":null,"creator":{"id":"0cb35c65-3188-4ff9-908f-b535851d0152","type":"User","tenantId":"243d671d-65eb-4d52-a37f-ccc2b5b9cbec"},"provisioningMethod":"FromDefinition","failureAlertSubscription":true,"clientLastModifiedTime":"2023-09-15T05:25:58.3834756Z"},"$schema":"https://schema.management.azure.com/providers/Microsoft.Logic/schemas/2016-06-01/workflowdefinition.json#","contentVersion":"1.0.0.0","parameters":{"$connections":{"defaultValue":{},"type":"Object"},"$authentication":{"defaultValue":{},"type":"SecureObject"}},"triggers":{"manual":{"metadata":{"operationMetadataId":"db6b43a7-8690-4c94-adb8-a561a63a5419"},"type":"Request","kind":"Button","inputs":{"schema":{"type":"object","properties":{"text":{"title":"First Name","type":"string","x-ms-dynamically-added":true,"description":"Please enter First Name","x-ms-content-hint":"TEXT"},"text_1":{"title":"Last Name","type":"string","x-ms-dynamically-added":true,"description":"Please enter Last Name","x-ms-content-hint":"TEXT"},"text_2":{"title":"Display Name","type":"string","x-ms-dynamically-added":true,"description":"Please enter Display Name","x-ms-content-hint":"TEXT"},"text_4":{"title":"Mail Nickname","type":"string","x-ms-dynamically-added":true,"description":"Please enter Mail Nickname","x-ms-content-hint":"TEXT"},"text_5":{"title":"User UPN","type":"string","x-ms-dynamically-added":true,"description":"Please enter User UPN","x-ms-content-hint":"TEXT"},"text_3":{"title":"Manager UPN","type":"string","x-ms-dynamically-added":true,"description":"Please enter Manager UPN","x-ms-content-hint":"TEXT"},"text_7":{"title":"Job Title","type":"string","x-ms-dynamically-added":true,"description":"Please enter Job Title","x-ms-content-hint":"TEXT"},"text_8":{"title":"Department","type":"string","x-ms-dynamically-added":true,"description":"Please enter Department","x-ms-content-hint":"TEXT"},"text_9":{"title":"User's Street Address","type":"string","x-ms-dynamically-added":true,"description":"Please enterStreet Address of User","x-ms-content-hint":"TEXT"},"text_10":{"title":"User's Usage Location","type":"string","x-ms-dynamically-added":true,"description":"Please enter Usage  Location of User","x-ms-content-hint":"TEXT"},"text_11":{"title":"User's Country","type":"string","x-ms-dynamically-added":true,"description":"Please enter Country of User","x-ms-content-hint":"TEXT"},"text_12":{"title":"User's State","type":"string","x-ms-dynamically-added":true,"description":"Please enter State of User","x-ms-content-hint":"TEXT"},"text_13":{"title":"User's City","type":"string","x-ms-dynamically-added":true,"description":"Please enter City of User","x-ms-content-hint":"TEXT"},"text_14":{"title":"User's Postal Code ","type":"string","x-ms-dynamically-added":true,"description":"Please enter Postal Code of User","x-ms-content-hint":"TEXT"},"text_6":{"title":"Preferred Language","type":"string","x-ms-dynamically-added":true,"description":"Please enter Preferred Language","x-ms-content-hint":"TEXT"}},"required":["text","text_1","text_2","text_4","text_5","text_3","text_7","text_8","text_9","text_10","text_11","text_12","text_13","text_14","text_6"]},"headersSchema":{"x-ms-user-email-encoded":{"title":"User email","type":"string","format":"byte","x-ms-dynamically-added":false}}}}},"actions":{"Get_user_profile_(V2)_-_To_retrieve_the_manager's_UPN":{"runAfter":{"Password_-_To_generate_a_random_password_for_the_user":["Succeeded"]},"metadata":{"operationMetadataId":"4ac81df7-b5e5-4bb6-9ecc-12a9e9be0765"},"type":"OpenApiConnection","inputs":{"host":{"apiId":"/providers/Microsoft.PowerApps/apis/shared_office365users","connectionName":"shared_office365users_1","operationId":"UserProfile_V2"},"parameters":{"id":"@triggerBody()['text_3']"},"authentication":{"value":"@json(decodeBase64(triggerOutputs().headers['X-MS-APIM-Tokens']))['$ConnectionKey']","type":"Raw"}}},"Password_-_To_generate_a_random_password_for_the_user":{"runAfter":{},"metadata":{"operationMetadataId":"06be9f57-b377-4999-9db5-807161704b85"},"type":"InitializeVariable","inputs":{"variables":[{"name":"Password","type":"string","value":"Adm@{rand(10000,99999)}"}]}},"Search_for_users_(V2)_-_To_search_if_the_user_already_exists_in_the_tenant":{"runAfter":{"Get_user_profile_(V2)_-_To_retrieve_the_manager's_UPN":["Succeeded"]},"metadata":{"operationMetadataId":"74a19954-7335-44f9-870f-49e6f13e884f"},"type":"OpenApiConnection","inputs":{"host":{"apiId":"/providers/Microsoft.PowerApps/apis/shared_office365users","connectionName":"shared_office365users","operationId":"SearchUserV2"},"parameters":{"searchTerm":"@triggerBody()['text_5']","isSearchTermRequired":true},"authentication":{"value":"@json(decodeBase64(triggerOutputs().headers['X-MS-APIM-Tokens']))['$ConnectionKey']","type":"Raw"}}},"Condition_-_To_validate_whether_the_User_UPN_already_exists_or_not":{"actions":{"Send_an_email_(V2)_3-To_notify_about_the_user_UPN_existence_in_tenant":{"runAfter":{},"metadata":{"operationMetadataId":"9a402c71-8814-46e8-bc41-c088d5e3dc1c"},"type":"OpenApiConnection","inputs":{"host":{"apiId":"/providers/Microsoft.PowerApps/apis/shared_office365","connectionName":"shared_office365","operationId":"SendEmailV2"},"parameters":{"emailMessage/To":"@triggerOutputs()['headers']['x-ms-user-email-encoded']","emailMessage/Subject":"User UPN Already Exists!","emailMessage/Body":"<p>Hi,<br>\n<br>\nI wanted to notify you that the user UPN you tried to create already exists in our tenant. Please choose a different UPN.<br>\n<br>\nThank you for your understanding.<br>\n<br>\nBest regards,<br>\nAdmin</p>","emailMessage/Importance":"Normal"},"authentication":{"value":"@json(decodeBase64(triggerOutputs().headers['X-MS-APIM-Tokens']))['$ConnectionKey']","type":"Raw"}}}},"runAfter":{"Search_for_users_(V2)_-_To_search_if_the_user_already_exists_in_the_tenant":["Succeeded"]},"else":{"actions":{"Start_and_wait_for_an_approval_-_To_get_approval_for_creating_the_new_user":{"runAfter":{},"metadata":{"operationMetadataId":"32ee1c53-468d-4e53-b180-6f5579fee095"},"type":"OpenApiConnectionWebhook","inputs":{"host":{"apiId":"/providers/Microsoft.PowerApps/apis/shared_approvals","connectionName":"shared_approvals","operationId":"StartAndWaitForAnApproval"},"parameters":{"approvalType":"CustomResponse","WebhookApprovalCreationInput/responseOptions":["Approve","Reject"],"WebhookApprovalCreationInput/title":"New employee approval-@{triggerBody()['text_2']}","WebhookApprovalCreationInput/assignedTo":"@{outputs('Get_user_profile_(V2)_-_To_retrieve_the_manager''s_UPN')?['body/mail']};","WebhookApprovalCreationInput/details":"Hi,\n\nThis is a request for onboarding a new hire into the organization. \n\nPlease find the user's details below.\n\n**Employee's details:**\n| Property | Value |\n|-----------|-------|\n|First Name|@{triggerBody()['text']}|\n|Last Name|@{triggerBody()['text_1']}|\n|Display Name|@{triggerBody()['text_2']}|\n|Mail Nickname|@{triggerBody()['text_4']}|\n|User UPN|@{triggerBody()['text_5']}|\n|Job Title|@{triggerBody()['text_7']}|\n|Department|@{triggerBody()['text_8']}|\n|Address|@{triggerBody()['text_9']}|\n|Usage Location|@{triggerBody()['text_10']}|\n|Country|@{triggerBody()['text_11']}|\n|State|@{triggerBody()['text_12']}|\n|City|@{triggerBody()['text_13']}|\n|Postal  Code|@{triggerBody()['text_14']}|\n|Preferred Language|@{triggerBody()['text_6']}|\n\nKindly review the details and provide approval for onboarding this user into our organization. Upon approval, the new user will be created in our directory successfully, and you will be assigned as the manager to this user.They will receive a license, updated properties, group memberships, and file access permissions based on their specific properties.\n\nRegards,\nAdmin","WebhookApprovalCreationInput/enableNotifications":true,"WebhookApprovalCreationInput/enableReassignment":true},"authentication":{"value":"@json(decodeBase64(triggerOutputs().headers['X-MS-APIM-Tokens']))['$ConnectionKey']","type":"Raw"}}},"Condition_2_-_To_set_the_condition_based_on_the_approval_response":{"actions":{"Create_user":{"runAfter":{},"metadata":{"operationMetadataId":"dd46f288-37b1-404d-9543-42e38ae4bf3a"},"type":"OpenApiConnection","inputs":{"host":{"apiId":"/providers/Microsoft.PowerApps/apis/shared_azuread","connectionName":"shared_azuread_1","operationId":"CreateUser"},"parameters":{"body/accountEnabled":true,"body/displayName":"@triggerBody()['text_2']","body/mailNickname":"@triggerBody()['text_4']","body/passwordProfile/password":"@variables('Password')","body/userPrincipalName":"@triggerBody()['text_5']","body/givenName":"@triggerBody()['text']","body/surname":"@triggerBody()['text_1']"},"authentication":{"value":"@json(decodeBase64(triggerOutputs().headers['X-MS-APIM-Tokens']))['$ConnectionKey']","type":"Raw"}}},"Assign_manager":{"runAfter":{"Create_user":["Succeeded"]},"metadata":{"operationMetadataId":"f6a10b1a-f719-4ebb-8e11-e4a5cd18e029"},"type":"OpenApiConnection","inputs":{"host":{"apiId":"/providers/Microsoft.PowerApps/apis/shared_azuread","connectionName":"shared_azuread_1","operationId":"AssignManager"},"parameters":{"id":"@outputs('Create_user')?['body/id']","body/@odata.id":"@outputs('Get_user_profile_(V2)_-_To_retrieve_the_manager''s_UPN')?['body/id']"},"authentication":{"value":"@json(decodeBase64(triggerOutputs().headers['X-MS-APIM-Tokens']))['$ConnectionKey']","type":"Raw"}}},"Send_an_email_(V2)_-_To_notify_the_user_creation_and_manager_assignment":{"runAfter":{"Create_user":["Succeeded"]},"metadata":{"operationMetadataId":"80a2ff61-643d-41b2-a0a7-e57c6a7be16b"},"type":"OpenApiConnection","inputs":{"host":{"apiId":"/providers/Microsoft.PowerApps/apis/shared_office365","connectionName":"shared_office365_1","operationId":"SendEmailV2"},"parameters":{"emailMessage/To":"@outputs('Get_user_profile_(V2)_-_To_retrieve_the_manager''s_UPN')?['body/mail']","emailMessage/Subject":"You have been assigned as the manager for the new user!","emailMessage/Body":"<p>Hi @{outputs('Get_user_profile_(V2)_-_To_retrieve_the_manager''s_UPN')?['body/displayName']},<br>\n<br>\nThe new user ' @{outputs('Create_user')?['body/displayName']} ' has been successfully &nbsp;added to our organization's directory. And you've been assigned as the manager for the user.<br>\n<br>\nPlease find the user's credentials below.<br>\n<br>\n<strong>User ID: </strong><strong>@{outputs('Create_user')?['body/userPrincipalName']}</strong><strong></strong><br>\n<strong>Password: </strong><strong>@{variables('Password')}</strong><strong></strong><br>\n<br>\nYou can share the credentials to the user and guide them for further procedures.<br>\n<br>\nRegards,<br>\nAdmin</p>","emailMessage/Importance":"Normal"},"authentication":{"value":"@json(decodeBase64(triggerOutputs().headers['X-MS-APIM-Tokens']))['$ConnectionKey']","type":"Raw"}}},"Add_user_to_group-_To_assign_license_for_the_new_user":{"runAfter":{"Create_user":["Succeeded"]},"metadata":{"operationMetadataId":"b1395f24-4bb7-4c42-a4c5-03e953382bad"},"type":"OpenApiConnection","inputs":{"host":{"apiId":"/providers/Microsoft.PowerApps/apis/shared_azuread","connectionName":"shared_azuread_1","operationId":"AddUserToGroup"},"parameters":{"id":"7b28169b-465a-48ca-86db-ee70ae62496e","body/@odata.id":"@outputs('Create_user')?['body/id']"},"authentication":{"value":"@json(decodeBase64(triggerOutputs().headers['X-MS-APIM-Tokens']))['$ConnectionKey']","type":"Raw"}}},"Delay-_To_wait_for_user_Account_and_license_update_in_tenant":{"runAfter":{"Add_user_to_group-_To_assign_license_for_the_new_user":["Succeeded"],"Assign_manager":["Succeeded"],"Send_an_email_(V2)_-_To_notify_the_user_creation_and_manager_assignment":["Succeeded"]},"metadata":{"operationMetadataId":"69470f93-da1f-4d3f-ac41-a29461fd9d51"},"type":"Wait","inputs":{"interval":{"count":2,"unit":"Minute"}}},"Update_user-_To_update_additional_properties_of_the_user":{"runAfter":{"Delay-_To_wait_for_user_Account_and_license_update_in_tenant":["Succeeded"]},"metadata":{"operationMetadataId":"05f41649-94fb-4baa-b6e8-604f241153b7"},"type":"OpenApiConnection","inputs":{"host":{"apiId":"/providers/Microsoft.PowerApps/apis/shared_azuread","connectionName":"shared_azuread","operationId":"UpdateUser"},"parameters":{"id":"@outputs('Create_user')?['body/userPrincipalName']","body/accountEnabled":true,"body/jobTitle":"@triggerBody()['text_7']","body/department":"@triggerBody()['text_8']","body/preferredLanguage":"@triggerBody()['text_6']","body/customProperties":{"StreetAddress":"@triggerBody()['text_9']","State":"@triggerBody()['text_12']","City":"@triggerBody()['text_13']","PostalCode":"@triggerBody()['text_14']","UsageLocation":"@triggerBody()['text_10']","Country":"@triggerBody()['text_11']"}},"authentication":{"value":"@json(decodeBase64(triggerOutputs().headers['X-MS-APIM-Tokens']))['$ConnectionKey']","type":"Raw"}}},"List_rows_present_in_a_table-_To_get_the_data_from_Excel_sheet":{"runAfter":{"Compose-_Table_Name":["Succeeded"]},"metadata":{"01V2JUHBBLUNYO6AYTTRELBZ5VTJBG6AKN":"/Testing/User Properties & Resources Data.xlsx","operationMetadataId":"1d6e3623-f38b-413f-be24-f88583c5a3ad","tableId":"@outputs('Compose-_Table_Name')"},"type":"OpenApiConnection","inputs":{"host":{"apiId":"/providers/Microsoft.PowerApps/apis/shared_excelonlinebusiness","connectionName":"shared_excelonlinebusiness","operationId":"GetItems"},"parameters":{"source":"sites/skylarkz.sharepoint.com,7a6e8183-ffb2-4863-be3f-77e6b91fcbfe,f6ad2cc1-6e0c-4d4a-8aca-08ed052e8303","drive":"b!g4FuerL_Y0i-P3fmuR_L_sEsrfYMbkpNisoI7QUugwPQQXB7ziKKTbU1lWQCyMSI","file":"@outputs('Compose-_File_Name')","table":"@outputs('Compose-_Table_Name')"},"authentication":{"value":"@json(decodeBase64(triggerOutputs().headers['X-MS-APIM-Tokens']))['$ConnectionKey']","type":"Raw"}}},"Compose-_To_get_manually_entered_property's_values":{"runAfter":{"Update_user-_To_update_additional_properties_of_the_user":["Succeeded"]},"metadata":{"operationMetadataId":"0b19ea03-69cc-48bc-97c0-266a686fd4ff"},"type":"Compose","inputs":"@{triggerBody()['text_7']},@{triggerBody()['text_8']},@{triggerBody()['text_10']},@{triggerBody()['text_11']},@{triggerBody()['text_12']},@{triggerBody()['text_13']},@{triggerBody()['text_6']}"},"Compose-_To_split_values_as_a_single_string":{"runAfter":{"Compose-_To_get_manually_entered_property's_values":["Succeeded"]},"metadata":{"operationMetadataId":"bdf673e1-0e02-4a16-8e44-d8f0f5f57e69"},"type":"Compose","inputs":"@split(outputs('Compose-_To_get_manually_entered_property''s_values'), ',')"},"Apply_to_each-_To_get_the_each_value_of_excel_data":{"foreach":"@outputs('List_rows_present_in_a_table-_To_get_the_data_from_Excel_sheet')?['body/value']","actions":{"Apply_to_each-_To_get_the_each_value_of_manually_entered_data":{"foreach":"@outputs('Compose-_To_split_values_as_a_single_string')","actions":{"Switch-_To_get_resource_type_value_from_Excel_sheet":{"runAfter":{},"cases":{"Case1-_If_resource_type_is_'Group'":{"case":"Group","actions":{"Condition-_Comparing_Excel_Property_Data_with_Manually_Entered_Data":{"actions":{"Compose_-_To_get_Resource_ID_from_Excel":{"runAfter":{},"metadata":{"operationMetadataId":"c2eb1735-ccf5-4254-a39d-25d23683ce1c"},"type":"Compose","inputs":"@items('Apply_to_each-_To_get_the_each_value_of_excel_data')?['Resources ID']"},"Compose-_To_split_Resource_IDs_into_single_ID":{"runAfter":{"Compose_-_To_get_Resource_ID_from_Excel":["Succeeded"]},"metadata":{"operationMetadataId":"d9c391d1-c4aa-44fe-ba56-b8271ce89414"},"type":"Compose","inputs":"@split(outputs('Compose_-_To_get_Resource_ID_from_Excel'), ',')"},"Apply_to_each-_To_get_each_group_ID":{"foreach":"@outputs('Compose-_To_split_Resource_IDs_into_single_ID')","actions":{"Filter-_To_filter_user_UPN_from_the_group_members_data":{"runAfter":{"Get_group_members":["Succeeded"]},"metadata":{"operationMetadataId":"d6fe1551-6570-479e-bfb8-aa36ff31745f"},"type":"Query","inputs":{"from":"@outputs('Get_group_members')?['body/value']","where":"@equals(item()?['userPrincipalName'], outputs('Create_user')?['body/userPrincipalName'])"}},"Condition-_To_check_if_the_user_is_already_a_member_of_the_group":{"actions":{"Add_user_to_group_":{"runAfter":{},"metadata":{"operationMetadataId":"dadb4267-73da-4be7-bb31-8b81beabe34f"},"type":"OpenApiConnection","inputs":{"host":{"apiId":"/providers/Microsoft.PowerApps/apis/shared_azuread","connectionName":"shared_azuread_1","operationId":"AddUserToGroup"},"parameters":{"id":"@items('Apply_to_each-_To_get_each_group_ID')","body/@odata.id":"@outputs('Create_user')?['body/id']"},"authentication":{"value":"@json(decodeBase64(triggerOutputs().headers['X-MS-APIM-Tokens']))['$ConnectionKey']","type":"Raw"}}}},"runAfter":{"Filter-_To_filter_user_UPN_from_the_group_members_data":["Succeeded"]},"expression":{"equals":["@length(body('Filter-_To_filter_user_UPN_from_the_group_members_data'))",0]},"metadata":{"operationMetadataId":"4fcdd2d2-c254-4463-9c06-7efa94911ff2"},"type":"If"},"Get_group_members":{"runAfter":{},"metadata":{"operationMetadataId":"7eaa2c44-dcb0-4653-b61b-dc27a5f6464f"},"type":"OpenApiConnection","inputs":{"host":{"apiId":"/providers/Microsoft.PowerApps/apis/shared_azuread","connectionName":"shared_azuread_1","operationId":"GetGroupMembers"},"parameters":{"id":"@items('Apply_to_each-_To_get_each_group_ID')"},"authentication":{"value":"@json(decodeBase64(triggerOutputs().headers['X-MS-APIM-Tokens']))['$ConnectionKey']","type":"Raw"}}}},"runAfter":{"Compose-_To_split_Resource_IDs_into_single_ID":["Succeeded"]},"metadata":{"operationMetadataId":"fce25457-109d-427c-b44e-41ff2732706b"},"type":"Foreach"}},"runAfter":{},"expression":{"equals":["@items('Apply_to_each-_To_get_the_each_value_of_excel_data')?['Values']","@items('Apply_to_each-_To_get_the_each_value_of_manually_entered_data')"]},"metadata":{"operationMetadataId":"c60a5296-dbfe-4b7f-9c30-aee80dcc6b6b"},"type":"If"}}},"Case2-_If_resource_type_is_'SharePoint_Site'":{"case":"SharePoint Site","actions":{"Condition-To_check_Excel_Property_Data_against_Manual_Entry":{"actions":{"Compose-_To_get_file_ID_from_Excel":{"runAfter":{},"metadata":{"operationMetadataId":"280a2dd4-05ea-4190-bd63-72938e6cff16"},"type":"Compose","inputs":"@items('Apply_to_each-_To_get_the_each_value_of_excel_data')?['File ID']"},"Grant_access_to_an_item_or_a_folder-_To_give_access_permission_for_specific_file":{"runAfter":{"Compose-_To_get_file_ID_from_Excel":["Succeeded"]},"metadata":{"operationMetadataId":"5417189b-5a25-469c-9248-018a15b32d5d"},"type":"OpenApiConnection","inputs":{"host":{"apiId":"/providers/Microsoft.PowerApps/apis/shared_sharepointonline","connectionName":"shared_sharepointonline","operationId":"GrantAccess"},"parameters":{"dataset":"@items('Apply_to_each-_To_get_the_each_value_of_excel_data')?['Resources ID']","table":"@items('Apply_to_each-_To_get_the_each_value_of_excel_data')?['Library Name']","id":"@outputs('Compose-_To_get_file_ID_from_Excel')","parameter/recipients":"@outputs('Create_user')?['body/userPrincipalName']","parameter/roleValue":"role:1073741827","parameter/sendEmail":true},"authentication":{"value":"@json(decodeBase64(triggerOutputs().headers['X-MS-APIM-Tokens']))['$ConnectionKey']","type":"Raw"}}}},"runAfter":{},"expression":{"equals":["@items('Apply_to_each-_To_get_the_each_value_of_excel_data')?['Values']","@items('Apply_to_each-_To_get_the_each_value_of_manually_entered_data')"]},"metadata":{"operationMetadataId":"5b2a9e32-32bc-48f5-974f-98e4f23dfa1b"},"type":"If"}}}},"default":{"actions":{}},"expression":"@items('Apply_to_each-_To_get_the_each_value_of_excel_data')?['Resource Type']","metadata":{"operationMetadataId":"0133ff6f-0393-4410-ad71-b876cea0c18a"},"type":"Switch"}},"runAfter":{},"metadata":{"operationMetadataId":"4ebb07c7-c58e-4552-9d11-c5b5e368f61d"},"type":"Foreach"}},"runAfter":{"List_rows_present_in_a_table-_To_get_the_data_from_Excel_sheet":["Succeeded"],"Compose-_To_split_values_as_a_single_string":["Succeeded"]},"metadata":{"operationMetadataId":"77fb435b-c778-4b73-a459-7553606b6088"},"type":"Foreach"},"Post_message_in_a_chat_or_channel-_To_post_a_welcome_message_for_new_user":{"runAfter":{"Apply_to_each-_To_get_the_each_value_of_excel_data":["Succeeded"]},"metadata":{"operationMetadataId":"7422ea5e-fb6b-4e80-a15c-56ee67d50460"},"type":"OpenApiConnection","inputs":{"host":{"apiId":"/providers/Microsoft.PowerApps/apis/shared_teams","connectionName":"shared_teams","operationId":"PostMessageToConversation"},"parameters":{"poster":"Flow bot","location":"Channel","body/recipient/groupId":"ec1d53fd-c43b-4b10-ac86-91bd58051e64","body/recipient/channelId":"19:0mP-hvJYf2fwNUVMH85W-A6pEcc4qvsTQm824TRVUH01@thread.tacv2","body/messageBody":"<p><strong>Welcome to our organization, </strong><strong>@{outputs('Create_user')?['body/displayName']}</strong><strong>! 🎉</strong><br>\n<br>\nWe're happy to have you join our organization! Your arrival brings fresh perspectives and talents that we're eager to embrace. We hope you'll feel right at home as we work together towards our common goals. Should you ever need any assistance or have any questions, don't hesitate to reach out. Let's embark on this exciting journey together! 😊🌟</p>"},"authentication":{"value":"@json(decodeBase64(triggerOutputs().headers['X-MS-APIM-Tokens']))['$ConnectionKey']","type":"Raw"}}},"Compose-_Table_Name":{"runAfter":{"Compose-_File_Name":["Succeeded"]},"metadata":{"operationMetadataId":"55988f54-72da-45ba-b6d2-fd9db3c5880e"},"type":"Compose","inputs":"Data_of_User"},"Compose-_File_Name":{"runAfter":{"Update_user-_To_update_additional_properties_of_the_user":["Succeeded"]},"metadata":{"operationMetadataId":"55988f54-72da-45ba-b6d2-fd9db3c5880e"},"type":"Compose","inputs":"/Testing/User Properties & Resources Data.xlsx"}},"runAfter":{"Start_and_wait_for_an_approval_-_To_get_approval_for_creating_the_new_user":["Succeeded"]},"else":{"actions":{"Send_an_email_(V2)_2_-_To_notify_the_rejection_of_the_approval_request":{"runAfter":{},"metadata":{"operationMetadataId":"f7d34674-e099-431b-ad68-4c30574d51f8"},"type":"OpenApiConnection","inputs":{"host":{"apiId":"/providers/Microsoft.PowerApps/apis/shared_office365","connectionName":"shared_office365_1","operationId":"SendEmailV2"},"parameters":{"emailMessage/To":"@triggerOutputs()['headers']['x-ms-user-email-encoded']","emailMessage/Subject":"Your request for user creation is rejected by @{outputs('Get_user_profile_(V2)_-_To_retrieve_the_manager''s_UPN')?['body/displayName']}","emailMessage/Body":"<p>Hi,<br>\n<strong><br>\n</strong>Your request for adding<strong> \"</strong><strong>@{triggerBody()['text_2']}</strong><strong></strong>\" is rejected by @{outputs('Get_user_profile_(V2)_-_To_retrieve_the_manager''s_UPN')?['body/displayName']}. Please contact the manager for further proceedings.<br>\n<br>\nRegards,<br>\nAdmin</p>","emailMessage/Importance":"Normal"},"authentication":{"value":"@json(decodeBase64(triggerOutputs().headers['X-MS-APIM-Tokens']))['$ConnectionKey']","type":"Raw"}}}}},"expression":{"equals":["@outputs('Start_and_wait_for_an_approval_-_To_get_approval_for_creating_the_new_user')?['body/outcome']","Approve"]},"metadata":{"operationMetadataId":"e1ef7472-5d2a-4664-b3db-b4da392302fe"},"type":"If"}}},"expression":{"greater":["@length(outputs('Search_for_users_(V2)_-_To_search_if_the_user_already_exists_in_the_tenant')?['body/value'])",0]},"metadata":{"operationMetadataId":"e1ef7472-5d2a-4664-b3db-b4da392302fe"},"type":"If"}},"description":"This automated flow streamlines the onboarding process for new users. It assigns licenses, updates user properties, adds them to relevant groups, and configures access permissions for specific SharePoint files based on their properties with pre-determined Excel sheet data."},"connectionReferences":{"shared_office365users_1":{"connectionName":"87bea1b1cbfb48edb39474252052add8","source":"Invoker","id":"/providers/Microsoft.PowerApps/apis/shared_office365users","tier":"NotSpecified"},"shared_office365users":{"connectionName":"87bea1b1cbfb48edb39474252052add8","source":"Invoker","id":"/providers/Microsoft.PowerApps/apis/shared_office365users","tier":"NotSpecified"},"shared_office365":{"connectionName":"3b6489ab3fba45d58db0a858aa329fd8","source":"Invoker","id":"/providers/Microsoft.PowerApps/apis/shared_office365","tier":"NotSpecified"},"shared_approvals":{"connectionName":"c78e90bcf5c74013a59c62dccea4b3a8","source":"Invoker","id":"/providers/Microsoft.PowerApps/apis/shared_approvals","tier":"NotSpecified"},"shared_azuread_1":{"connectionName":"9cf9a8291abd49d6bc3a22e190ed89ff","source":"Invoker","id":"/providers/Microsoft.PowerApps/apis/shared_azuread","tier":"NotSpecified"},"shared_office365_1":{"connectionName":"3b6489ab3fba45d58db0a858aa329fd8","source":"Invoker","id":"/providers/Microsoft.PowerApps/apis/shared_office365","tier":"NotSpecified"},"shared_azuread":{"connectionName":"9cf9a8291abd49d6bc3a22e190ed89ff","source":"Invoker","id":"/providers/Microsoft.PowerApps/apis/shared_azuread","tier":"NotSpecified"},"shared_excelonlinebusiness":{"connectionName":"ac95948cc11a4d4a925b212fc1fb2a85","source":"Invoker","id":"/providers/Microsoft.PowerApps/apis/shared_excelonlinebusiness","tier":"NotSpecified"},"shared_sharepointonline":{"connectionName":"2b959d04c10e4509abc01c5879ecc66d","source":"Invoker","id":"/providers/Microsoft.PowerApps/apis/shared_sharepointonline","tier":"NotSpecified"},"shared_teams":{"connectionName":"7e828040b4324ed392a078ba95924b23","source":"Invoker","id":"/providers/Microsoft.PowerApps/apis/shared_teams","tier":"NotSpecified"}},"flowFailureAlertSubscribed":false,"isManaged":false}}