{"name":"decd7eef-c400-4279-9eb1-ca5faca1c9d1","id":"/providers/Microsoft.Flow/flows/decd7eef-c400-4279-9eb1-ca5faca1c9d1","type":"Microsoft.Flow/flows","properties":{"apiId":"/providers/Microsoft.PowerApps/apis/shared_logicflows","displayName":"Save attachments in OneDrive","definition":{"metadata":{"workflowEntityId":null,"processAdvisorMetadata":null,"flowChargedByPaygo":null,"flowclientsuspensionreason":"None","flowclientsuspensiontime":null,"flowclientsuspensionreasondetails":null,"creator":{"id":"83d7100a-57da-4178-9efa-97c703de649b","type":"User","tenantId":"95813236-8b51-4283-8ead-ba0cb250d955"},"provisioningMethod":"FromDefinition","failureAlertSubscription":true,"clientLastModifiedTime":"2023-07-29T09:47:09.7599822Z"},"$schema":"https://schema.management.azure.com/providers/Microsoft.Logic/schemas/2016-06-01/workflowdefinition.json#","contentVersion":"1.0.0.0","parameters":{"$connections":{"defaultValue":{},"type":"Object"},"$authentication":{"defaultValue":{},"type":"SecureObject"}},"triggers":{"When_a_new_email_arrives_(V3)":{"splitOn":"@triggerOutputs()?['body/value']","metadata":{"operationMetadataId":"ba2df5fc-c100-4a87-896b-696f96028e9a"},"type":"OpenApiConnectionNotification","inputs":{"host":{"apiId":"/providers/Microsoft.PowerApps/apis/shared_office365","connectionName":"shared_office365_1","operationId":"OnNewEmailV3"},"parameters":{"folderPath":"Inbox","includeAttachments":true,"importance":"Any","fetchOnlyWithAttachment":true},"authentication":"@parameters('$authentication')"}}},"actions":{"Apply_to_each":{"foreach":"@triggerOutputs()?['body/attachments']","actions":{"Get_file_content_using_path":{"runAfter":{},"metadata":{"operationMetadataId":"1d3acfc1-90c2-410b-946b-845b01af751b"},"type":"OpenApiConnection","inputs":{"host":{"apiId":"/providers/Microsoft.PowerApps/apis/shared_onedriveforbusiness","connectionName":"shared_onedriveforbusiness","operationId":"GetFileContentByPath"},"parameters":{"path":"/@{items('Apply_to_each')?['name']}","inferContentType":true},"authentication":"@parameters('$authentication')"}},"Compose":{"runAfter":{"Get_file_content_using_path":["Succeeded"]},"metadata":{"operationMetadataId":"e91f67ba-e6e1-430e-ab3f-610df784cf6d"},"type":"Compose","inputs":"@formatDateTime(triggerOutputs()?['body/receivedDateTime'], 'dd/MM/yyyy hh:mm: tt')"},"Create_file_":{"runAfter":{"Compose":["Succeeded"]},"metadata":{"operationMetadataId":"4eb889c7-fabd-4bf3-bff6-1bbb94daf027"},"type":"OpenApiConnection","inputs":{"host":{"apiId":"/providers/Microsoft.PowerApps/apis/shared_onedriveforbusiness","connectionName":"shared_onedriveforbusiness","operationId":"CreateFile"},"parameters":{"folderPath":"/","name":"@{items('Apply_to_each')?['name']}@{outputs('Compose')}","body":"@items('Apply_to_each')?['contentBytes']"},"authentication":"@parameters('$authentication')"},"runtimeConfiguration":{"contentTransfer":{"transferMode":"Chunked"}}},"Create_file__2":{"runAfter":{"Get_file_content_using_path":["Failed"]},"metadata":{"operationMetadataId":"dc04a13f-8fc9-4c52-aa2a-4965b9c057c4"},"type":"OpenApiConnection","inputs":{"host":{"apiId":"/providers/Microsoft.PowerApps/apis/shared_onedriveforbusiness","connectionName":"shared_onedriveforbusiness","operationId":"CreateFile"},"parameters":{"folderPath":"/","name":"@items('Apply_to_each')?['name']","body":"@items('Apply_to_each')?['contentBytes']"},"authentication":"@parameters('$authentication')"},"runtimeConfiguration":{"contentTransfer":{"transferMode":"Chunked"}}}},"runAfter":{},"metadata":{"operationMetadataId":"b98fd7ba-778f-43c7-9eb8-fe0183902a35"},"type":"Foreach"},"Terminate":{"runAfter":{"Apply_to_each":["Failed"]},"metadata":{"operationMetadataId":"f273e1ef-6649-4e4b-b53e-6f2aba4537d3"},"type":"Terminate","inputs":{"runStatus":"Succeeded"}}}},"connectionReferences":{"shared_onedriveforbusiness":{"connectionName":"9bce67e717f644cca3af62997c51caeb","source":"Embedded","id":"/providers/Microsoft.PowerApps/apis/shared_onedriveforbusiness","tier":"NotSpecified"},"shared_office365_1":{"connectionName":"7f912ac5752245e6a8ec4b3787c7d612","source":"Embedded","id":"/providers/Microsoft.PowerApps/apis/shared_office365","tier":"NotSpecified"}},"flowFailureAlertSubscribed":false,"isManaged":false}}