{"name":"efc14545-b6b2-4b15-83ee-bb178383fef1","id":"/providers/Microsoft.Flow/flows/efc14545-b6b2-4b15-83ee-bb178383fef1","type":"Microsoft.Flow/flows","properties":{"apiId":"/providers/Microsoft.PowerApps/apis/shared_logicflows","displayName":"Password Expiration Notification Flow","definition":{"metadata":{"workflowEntityId":null,"processAdvisorMetadata":null,"flowChargedByPaygo":null,"flowclientsuspensionreason":"None","flowclientsuspensiontime":null,"flowclientsuspensionreasondetails":null,"creator":{"id":"50677938-aaee-44e4-aeaf-cd7ed24fba4b","type":"User","tenantId":"858e9842-8583-4510-9ff5-4ffc2038878b"},"provisioningMethod":"FromDefinition","failureAlertSubscription":true,"clientLastModifiedTime":"2025-07-16T13:10:38.8195496Z","connectionKeySavedTimeKey":"2025-07-16T13:10:38.8195496Z","creationSource":null,"modifiedSources":"Portal"},"$schema":"https://schema.management.azure.com/providers/Microsoft.Logic/schemas/2016-06-01/workflowdefinition.json#","contentVersion":"undefined","parameters":{"$authentication":{"defaultValue":{},"type":"SecureObject"},"$connections":{"defaultValue":{},"type":"Object"}},"triggers":{"Recurrence":{"recurrence":{"interval":1,"frequency":"Day"},"type":"Recurrence"}},"actions":{"Filter_empty_and_null_values":{"runAfter":{"Display_All_Users_After_Pagination":["Succeeded"]},"metadata":{"operationMetadataId":"410761fe-c987-4d0e-afeb-465c89b99366"},"type":"Query","inputs":{"from":"@variables('userResults')","where":"@and(\r\n  not(equals(item()?['lastPasswordChangeDateTime'], null)),\r\n  not(empty(item()?['lastPasswordChangeDateTime']))\r\n)"}},"Process_each_expiring_item":{"foreach":"@body('Filter_never_expire_set_items')","actions":{"Switch":{"runAfter":{"Store_calculated_difference_in_days":["Succeeded"]},"cases":{"Case":{"case":7,"actions":{"Send_an_email_7_days_before_expiry":{"metadata":{"operationMetadataId":"d6117793-4c98-468c-a33d-73f15f576732"},"type":"OpenApiConnection","inputs":{"parameters":{"emailMessage/To":"@item()['userPrincipalName']","emailMessage/Subject":"Password Expiration Notice - Your Password Will Expire in 7 Days","emailMessage/Body":"<p class=\"editor-paragraph\">@{concat('Hello ', item()?['displayName'], ',')} Your password will expire in 7 days. You need to take action to ensure continuous access to your account. To change your password, please use the following link:</p><p class=\"editor-paragraph\"></p><br><p class=\"editor-paragraph\"><a class=\"editor-link\" href=\"https://mysignins.microsoft.com/security-info/password/change\">Change Password</a></p><br><p class=\"editor-paragraph\">If you do not change your password within the next 7 days, you will lose access to your account.</p><p class=\"editor-paragraph\"></p><br><p class=\"editor-paragraph\">Thank you,</p>","emailMessage/Importance":"Normal"},"host":{"apiId":"/providers/Microsoft.PowerApps/apis/shared_office365","connectionName":"shared_office365","operationId":"SendEmailV2"},"authentication":"@parameters('$authentication')"}}}},"Case 2":{"case":6,"actions":{"Send_an_email_6_days_before_expiry":{"metadata":{"operationMetadataId":"95e58797-dff8-44f7-9bb9-b4f3b215b1b0"},"type":"OpenApiConnection","inputs":{"parameters":{"emailMessage/To":"@item()['userPrincipalName']","emailMessage/Subject":"Password Expiration Notice - Your Password Will Expire in 6 Days\n","emailMessage/Body":"<p class=\"editor-paragraph\">@{concat('Hello ', item()?['displayName'], ',')}</p><p class=\"editor-paragraph\"> Your password will expire in 6 days. You need to take action to ensure continuous access to your account. To change your password, please use the following link: </p><p class=\"editor-paragraph\"></p><br><p class=\"editor-paragraph\"><a class=\"editor-link\" href=\"https://mysignins.microsoft.com/security-info/password/change\">Change Password</a> </p><p class=\"editor-paragraph\"></p><br><p class=\"editor-paragraph\">If you do not change your password within the next 6 days, you will lose access to your account. </p><p class=\"editor-paragraph\"></p><br><p class=\"editor-paragraph\">Thank you,</p>","emailMessage/Importance":"Normal"},"host":{"apiId":"/providers/Microsoft.PowerApps/apis/shared_office365","connectionName":"shared_office365","operationId":"SendEmailV2"},"authentication":"@parameters('$authentication')"}}}},"Case 3":{"case":5,"actions":{"Send_an_email_5_days_before_expiry":{"metadata":{"operationMetadataId":"03c48196-acb3-4ff4-ae85-27cbd85a232c"},"type":"OpenApiConnection","inputs":{"parameters":{"emailMessage/To":"@item()['userPrincipalName']","emailMessage/Subject":"Password Expiration Notice - Your Password Will Expire in 5 Days","emailMessage/Body":"<p class=\"editor-paragraph\">@{concat('Hello ', item()?['displayName'], ',')} <br>Your password will expire in 5 days. You need to take action to ensure continuous access to your account. To change your password, please use the following link:</p><p class=\"editor-paragraph\"></p><br><p class=\"editor-paragraph\"><a class=\"editor-link\" href=\"https://mysignins.microsoft.com/security-info/password/change\">Change Password</a></p><p class=\"editor-paragraph\"></p><br><p class=\"editor-paragraph\">If you do not change your password within the next 5 days, you will lose access to your account.</p><p class=\"editor-paragraph\"></p><br><p class=\"editor-paragraph\">Thank you,</p><br>","emailMessage/Importance":"Normal"},"host":{"apiId":"/providers/Microsoft.PowerApps/apis/shared_office365","connectionName":"shared_office365","operationId":"SendEmailV2"},"authentication":"@parameters('$authentication')"}}}},"Case 4":{"case":4,"actions":{"Send_an_email_4_days_before_expiry":{"metadata":{"operationMetadataId":"4d3136f4-a339-46a3-8858-d0c76b3b47ae"},"type":"OpenApiConnection","inputs":{"parameters":{"emailMessage/To":"@item()['userPrincipalName']","emailMessage/Subject":"Password Expiration Notice - Your Password Will Expire in 4 Days","emailMessage/Body":"<p class=\"editor-paragraph\">@{concat('Hello ', item()?['displayName'], ',')} </p><p class=\"editor-paragraph\">Your password will expire in 4 days. You need to take action to ensure continuous access to your account. To change your password, please use the following link: </p><p class=\"editor-paragraph\"></p><br><p class=\"editor-paragraph\"><a class=\"editor-link\" href=\"https://mysignins.microsoft.com/security-info/password/change\">Change Password</a></p><p class=\"editor-paragraph\"></p><br><p class=\"editor-paragraph\"> If you do not change your password within the next 4 days, you will lose access to your account.</p><p class=\"editor-paragraph\"></p><br><p class=\"editor-paragraph\"> Thank you,</p>","emailMessage/Importance":"Normal"},"host":{"apiId":"/providers/Microsoft.PowerApps/apis/shared_office365","connectionName":"shared_office365","operationId":"SendEmailV2"},"authentication":"@parameters('$authentication')"}}}},"Case 5":{"case":3,"actions":{"Send_an_email_3_days_before_expiry":{"metadata":{"operationMetadataId":"26a212e0-6fd0-4b71-87a7-e83ae5b84646"},"type":"OpenApiConnection","inputs":{"parameters":{"emailMessage/To":"@item()['userPrincipalName']","emailMessage/Subject":"Password Expiration Notice - Your Password Will Expire in 3 Days","emailMessage/Body":"<p class=\"editor-paragraph\">@{concat('Hello ', item()?['displayName'], ',')} </p><p class=\"editor-paragraph\">Your password will expire in 3 days. You need to take action to ensure continuous access to your account. To change your password, please use the following link: </p><p class=\"editor-paragraph\"></p><br><p class=\"editor-paragraph\"><a class=\"editor-link\" href=\"https://mysignins.microsoft.com/security-info/password/change\">Change Password</a> </p><p class=\"editor-paragraph\"></p><br><p class=\"editor-paragraph\">If you do not change your password within the next 3 days, you will lose access to your account. </p><p class=\"editor-paragraph\"></p><br><p class=\"editor-paragraph\">Thank you,</p>","emailMessage/Importance":"Normal"},"host":{"apiId":"/providers/Microsoft.PowerApps/apis/shared_office365","connectionName":"shared_office365","operationId":"SendEmailV2"},"authentication":"@parameters('$authentication')"}}}},"Case 6":{"case":2,"actions":{"Send_an_email_2_days_before_expiry":{"metadata":{"operationMetadataId":"63a4f904-730c-4aff-a210-5bbc0182cd41"},"type":"OpenApiConnection","inputs":{"parameters":{"emailMessage/To":"@item()['userPrincipalName']","emailMessage/Subject":"Password Expiration Notice - Your Password Will Expire in 2 Days\n","emailMessage/Body":"<p class=\"editor-paragraph\">@{concat('Hello ', item()?['displayName'], ',')} </p><p class=\"editor-paragraph\">Your password will expire in 2 days. You need to take action to ensure continuous access to your account. To change your password, please use the following link: </p><p class=\"editor-paragraph\"><br><a class=\"editor-link\" href=\"https://mysignins.microsoft.com/security-info/password/change\">Change Password</a> </p><p class=\"editor-paragraph\"></p><br><p class=\"editor-paragraph\">If you do not change your password within the next 2 days, you will lose access to your account.</p><p class=\"editor-paragraph\"></p><br><p class=\"editor-paragraph\"> Thank you,</p><br>","emailMessage/Importance":"Normal"},"host":{"apiId":"/providers/Microsoft.PowerApps/apis/shared_office365","connectionName":"shared_office365","operationId":"SendEmailV2"},"authentication":"@parameters('$authentication')"}}}},"Case 7":{"case":1,"actions":{"Send_an_email_1_day_before_expiry":{"metadata":{"operationMetadataId":"62580686-ca6d-41e6-b711-95682fa81eb6"},"type":"OpenApiConnection","inputs":{"parameters":{"emailMessage/To":"@item()['userPrincipalName']","emailMessage/Subject":"Password Expiration Notice - Your Password Will Expire Tomorrow","emailMessage/Body":"<p class=\"editor-paragraph\">@{concat('Hello ', item()?['displayName'], ',')}</p><p class=\"editor-paragraph\">Your password will expire in 1 day. You need to take action to ensure continuous access to your account. To change your password, please use the following link:</p><p class=\"editor-paragraph\"></p><br><p class=\"editor-paragraph\"><a class=\"editor-link\" href=\"https://mysignins.microsoft.com/security-info/password/change\">Change Password</a></p><p class=\"editor-paragraph\"></p><br><p class=\"editor-paragraph\">If you do not change your password by tomorrow, you will lose access to your account.</p><p class=\"editor-paragraph\"></p><br><p class=\"editor-paragraph\">Thank you,</p>","emailMessage/Importance":"Normal"},"host":{"apiId":"/providers/Microsoft.PowerApps/apis/shared_office365","connectionName":"shared_office365","operationId":"SendEmailV2"},"authentication":"@parameters('$authentication')"}}}},"Case 8":{"case":0,"actions":{"Send_an_email_on_the_day_of_expiry":{"metadata":{"operationMetadataId":"b0093494-aa78-414a-89b0-e86acf68dc03"},"type":"OpenApiConnection","inputs":{"parameters":{"emailMessage/To":"@item()['userPrincipalName']","emailMessage/Subject":"Password Expiration Notice - Your password will expire today","emailMessage/Body":"<p class=\"editor-paragraph\">@{concat('Hello ', item()?['displayName'], ',')}<span>\n</span>Your password will expire today. You need to take immediate action to ensure continuous access to your account. To change your password, please use the following link:</p><p class=\"editor-paragraph\"></p><br><p class=\"editor-paragraph\"><a class=\"editor-link\" href=\"https://mysignins.microsoft.com/security-info/password/change\">Change Password</a></p><br><p class=\"editor-paragraph\">If you do not change your password today, you will lose access to your account.</p><br><p class=\"editor-paragraph\">Thank you,</p>","emailMessage/Importance":"Normal"},"host":{"apiId":"/providers/Microsoft.PowerApps/apis/shared_office365","connectionName":"shared_office365","operationId":"SendEmailV2"},"authentication":"@parameters('$authentication')"}}}}},"default":{"actions":{}},"expression":"@variables('daysRemaining')","metadata":{"operationMetadataId":"d2c0f44d-dcf1-4bab-ac56-24ddbb022aee"},"type":"Switch"},"Calculate_expiring_date":{"metadata":{"operationMetadataId":"6de05e0c-702c-4833-bfdb-caa0b44b0647"},"type":"Compose","inputs":"@addDays(item()?['lastPasswordChangeDateTime'], variables('expiryLimit'))\r\n"},"Calculate_days_remaining":{"runAfter":{"Calculate_expiring_date":["Succeeded"]},"metadata":{"operationMetadataId":"eaf22254-b7d8-44b6-bd32-9158e2c48842"},"type":"Compose","inputs":"@{div(sub(ticks(outputs('Calculate_expiring_date')), ticks(utcNow())), 864000000000)}\n"},"Calculate_ticks_difference":{"runAfter":{"Calculate_days_remaining":["Succeeded"]},"metadata":{"operationMetadataId":"54a237f9-956e-4f62-9593-4d939736d522"},"type":"Compose","inputs":"@{sub(ticks(outputs('Calculate_expiring_date')), ticks(utcNow()))}\n"},"Convert_difference_in_ticks_to_difference_in_days":{"runAfter":{"Calculate_ticks_difference":["Succeeded"]},"metadata":{"operationMetadataId":"91740661-7195-4abd-866c-2c98a685dd38"},"type":"Compose","inputs":"@{int(div(int(outputs('Calculate_ticks_difference')), 864000000000))}\n"},"Store_calculated_difference_in_days":{"runAfter":{"Convert_difference_in_ticks_to_difference_in_days":["Succeeded"]},"metadata":{"operationMetadataId":"c945ae35-7198-42fb-9f52-b5ef0d1a927d"},"type":"SetVariable","inputs":{"name":"daysRemaining","value":"@int(outputs('Convert_difference_in_ticks_to_difference_in_days'))"}}},"runAfter":{"Initialize_days_remaining":["Succeeded"]},"metadata":{"operationMetadataId":"6f3889a2-6377-4ef9-91c7-510fc32f5362"},"type":"Foreach"},"Filter_expiring_items_":{"runAfter":{"Filter_empty_and_null_values":["Succeeded"]},"metadata":{"operationMetadataId":"cc3603fc-3784-44cf-bdf5-0601dfec2388"},"type":"Query","inputs":{"from":"@body('Filter_empty_and_null_values')","where":"@and(\r\n    greaterOrEquals(\r\n        addDays(utcNow(), 7), \r\n        addDays(item()?['lastPasswordChangeDateTime'], variables('expiryLimit'))\r\n    ),\r\n    lessOrEquals(\r\n        utcNow(), \r\n        addDays(item()?['lastPasswordChangeDateTime'], variables('expiryLimit'))\r\n    ))"}},"Initialize_days_remaining":{"runAfter":{"Filter_never_expire_set_items":["Succeeded"]},"metadata":{"operationMetadataId":"480e1640-058e-4942-a7f7-279495f0ebcf"},"type":"InitializeVariable","inputs":{"variables":[{"name":"daysRemaining","type":"integer","value":0}]}},"Enter_expiry_limit_":{"runAfter":{},"metadata":{"operationMetadataId":"8436d0e6-1d7a-42f2-be8b-4891059f634d"},"type":"InitializeVariable","inputs":{"variables":[{"name":"expiryLimit","type":"integer","value":90}]}},"Filter_never_expire_set_items":{"runAfter":{"Filter_expiring_items_":["Succeeded"]},"metadata":{"operationMetadataId":"bda816f1-f8a5-459b-ba8a-903d86e3846c"},"type":"Query","inputs":{"from":"@body('Filter_expiring_items_')","where":"@not(contains(coalesce(item()?['PasswordPolicies'], ''),'DisablePasswordExpiration'))"}},"Initialize_Array_-_UserResults":{"runAfter":{"Enter_expiry_limit_":["Succeeded"]},"metadata":{"operationMetadataId":"398d6a62-11da-46f0-baa3-609791592809"},"type":"InitializeVariable","inputs":{"variables":[{"name":"userResults","type":"array","value":[]}]}},"Initialize_String_-__NextPageUrl":{"runAfter":{"Initialize_Array_-_UserResults":["Succeeded"]},"metadata":{"operationMetadataId":"06316747-3258-47b4-b237-e236f1140f00"},"type":"InitializeVariable","inputs":{"variables":[{"name":"nextLink","type":"string","value":"https://graph.microsoft.com/v1.0/users?$select=userPrincipalName,displayName,lastPasswordChangeDateTime,passwordPolicies"}]}},"Do_until":{"actions":{"Parse_JSON":{"runAfter":{"Send_an_HTTP_request":["Succeeded"]},"metadata":{"operationMetadataId":"f0b90b22-e475-4ca9-b07b-9631ef33fc18"},"type":"ParseJson","inputs":{"content":"@body('Send_an_HTTP_request')","schema":{"type":"object","properties":{"@@odata.context":{"type":"string"},"@@odata.nextLink":{"type":"string"},"value":{"type":"array","items":{"type":"object","properties":{"userPrincipalName":{"type":"string"},"displayName":{"type":"string"},"lastPasswordChangeDateTime":{"type":"string"},"passwordPolicies":{}},"required":["userPrincipalName","displayName","lastPasswordChangeDateTime","passwordPolicies"]}}}}}},"_Set_Variable_–_Update_NextPageUrl":{"runAfter":{"Apply_to_each":["Succeeded"]},"metadata":{"operationMetadataId":"7aff6efd-01e9-4131-9ca8-315ef400c48b"},"type":"SetVariable","inputs":{"name":"nextLink","value":"@if(\r\n    contains(body('Send_an_HTTP_request'), '@odata.nextLink'),\r\n    body('Send_an_HTTP_request')['@odata.nextLink'],\r\n    ''\r\n)"}},"Apply_to_each":{"foreach":"@body('Parse_JSON')?['value']","actions":{"Add_User_to_UserResults":{"metadata":{"operationMetadataId":"1c6a7018-5144-4afb-8fdf-579a78ab4ff8"},"type":"AppendToArrayVariable","inputs":{"name":"userResults","value":"@items('Apply_to_each')"}}},"runAfter":{"Parse_JSON":["Succeeded"]},"metadata":{"operationMetadataId":"cef89804-6ed2-4e5e-a9b3-b8dbb4018d41"},"type":"Foreach"},"Send_an_HTTP_request":{"metadata":{"operationMetadataId":"987623a0-5cbe-442e-8172-586b5aa30839"},"type":"OpenApiConnection","inputs":{"parameters":{"Uri":"@variables('nextLink')","Method":"GET","ContentType":"application/json"},"host":{"apiId":"/providers/Microsoft.PowerApps/apis/shared_office365users","connectionName":"shared_office365users","operationId":"HttpRequest"},"authentication":"@parameters('$authentication')"}}},"runAfter":{"Initialize_String_-__NextPageUrl":["Succeeded"]},"expression":"@equals(variables('nextLink'),'')","limit":{"count":5000,"timeout":"PT1H"},"metadata":{"operationMetadataId":"80b7d7a4-bb41-4279-9081-aecbcfe39f6e"},"type":"Until"},"Display_All_Users_After_Pagination":{"runAfter":{"Do_until":["Succeeded"]},"type":"Compose","inputs":"@variables('userResults')"}},"description":""},"connectionReferences":{"shared_office365":{"connectionName":"shared-office365-75a51935-654c-44b0-9641-f39bffed0e27","source":"Embedded","id":"/providers/Microsoft.PowerApps/apis/shared_office365","tier":"NotSpecified","apiName":"office365","isProcessSimpleApiReferenceConversionAlreadyDone":false},"shared_office365users":{"connectionName":"shared-office365user-13a79832-cf81-465f-8bb1-7593a577f7d6","source":"Embedded","id":"/providers/Microsoft.PowerApps/apis/shared_office365users","tier":"NotSpecified","apiName":"office365users","isProcessSimpleApiReferenceConversionAlreadyDone":false}},"flowFailureAlertSubscribed":false,"isManaged":false}}