{"name":"4d814f4d-7fe7-4624-b8b1-87617b1f9ca4","id":"/providers/Microsoft.Flow/flows/4d814f4d-7fe7-4624-b8b1-87617b1f9ca4","type":"Microsoft.Flow/flows","properties":{"apiId":"/providers/Microsoft.PowerApps/apis/shared_logicflows","displayName":"Password Change Reminder Email","definition":{"metadata":{"workflowEntityId":null,"processAdvisorMetadata":null,"flowChargedByPaygo":null,"flowclientsuspensionreason":"None","flowclientsuspensiontime":null,"flowclientsuspensionreasondetails":null,"creator":{"id":"50677938-aaee-44e4-aeaf-cd7ed24fba4b","type":"User","tenantId":"858e9842-8583-4510-9ff5-4ffc2038878b"},"provisioningMethod":"FromDefinition","failureAlertSubscription":true,"clientLastModifiedTime":"2024-09-05T06:18:51.8480089Z","connectionKeySavedTimeKey":"2024-09-05T06:18:51.8480089Z"},"$schema":"https://schema.management.azure.com/providers/Microsoft.Logic/schemas/2016-06-01/workflowdefinition.json#","contentVersion":"undefined","parameters":{"$authentication":{"defaultValue":{},"type":"SecureObject"},"$connections":{"defaultValue":{},"type":"Object"}},"triggers":{"manual":{"type":"Request","kind":"Button","inputs":{"schema":{"type":"object","properties":{},"required":[]}}}},"actions":{"Send_an_HTTP_request":{"runAfter":{},"type":"OpenApiConnection","inputs":{"parameters":{"Uri":"https://graph.microsoft.com/v1.0/users?$select=userPrincipalName,lastPasswordChangeDateTime","Method":"GET","ContentType":"application/json"},"host":{"apiId":"/providers/Microsoft.PowerApps/apis/shared_office365users","connectionName":"shared_office365users","operationId":"HttpRequest"},"authentication":{"value":"@json(decodeBase64(triggerOutputs().headers['X-MS-APIM-Tokens']))['$ConnectionKey']","type":"Raw"}}},"Parse_JSON":{"runAfter":{"Send_an_HTTP_request":["Succeeded"]},"type":"ParseJson","inputs":{"content":"@body('Send_an_HTTP_request')","schema":{"type":"object","properties":{"value":{"type":"array","items":{"type":"object","properties":{"userPrincipalName":{"type":"string"},"lastPasswordChangeDateTime":{"type":"string"}},"required":["userPrincipalName","lastPasswordChangeDateTime"]}}}}}},"For_each":{"foreach":"@outputs('Parse_JSON')?['body']?['value']","actions":{"Condition":{"actions":{"Send_an_email_(V2)":{"type":"OpenApiConnection","inputs":{"parameters":{"emailMessage/To":"@items('For_each')?['userPrincipalName']","emailMessage/Subject":"Reminder: Your Password Needs to Be Changed","emailMessage/Body":"<p class=\"editor-paragraph\">This is a reminder that your password is older and needs to be changed. Please update your password to ensure uninterrupted access to your account. Don’t wait until the last minute! Click <a class=\"editor-link\" href=\"https://mysignins.microsoft.com/security-info/password/change\">here</a> to change your password now.</p>","emailMessage/Importance":"Normal"},"host":{"apiId":"/providers/Microsoft.PowerApps/apis/shared_office365","connectionName":"shared_office365","operationId":"SendEmailV2"},"authentication":{"value":"@json(decodeBase64(triggerOutputs().headers['X-MS-APIM-Tokens']))['$ConnectionKey']","type":"Raw"}}}},"else":{"actions":{}},"expression":{"and":[{"lessOrEquals":["@items('For_each')?['lastPasswordChangeDateTime']","@addDays(utcNow(), -10)"]}]},"type":"If"}},"runAfter":{"Parse_JSON":["Succeeded"]},"type":"Foreach"}}},"connectionReferences":{"shared_office365users":{"connectionName":"shared-office365user-13a79832-cf81-465f-8bb1-7593a577f7d6","source":"Invoker","id":"/providers/Microsoft.PowerApps/apis/shared_office365users","tier":"NotSpecified"},"shared_office365":{"connectionName":"shared-office365-75a51935-654c-44b0-9641-f39bffed0e27","source":"Invoker","id":"/providers/Microsoft.PowerApps/apis/shared_office365","tier":"NotSpecified"}},"flowFailureAlertSubscribed":false,"isManaged":false}}