{"name":"a0187ba1-ef3b-430e-bdd7-cacfab15397a","id":"/providers/Microsoft.Flow/flows/a0187ba1-ef3b-430e-bdd7-cacfab15397a","type":"Microsoft.Flow/flows","properties":{"apiId":"/providers/Microsoft.PowerApps/apis/shared_logicflows","displayName":"Manager-approved Microsoft 365 User Creation Flow_AdminDroid","definition":{"metadata":{"workflowEntityId":null,"processAdvisorMetadata":null,"flowChargedByPaygo":null,"flowclientsuspensionreason":"None","flowclientsuspensiontime":null,"flowclientsuspensionreasondetails":null,"creator":{"id":"ab1bfe44-788f-46da-a8be-36995504cec3","type":"User","tenantId":"83cb53cd-bcbf-4890-b304-2709aa27df88"},"provisioningMethod":"FromDefinition","failureAlertSubscription":true,"clientLastModifiedTime":"2023-07-08T13:14:16.9104447Z"},"$schema":"https://schema.management.azure.com/providers/Microsoft.Logic/schemas/2016-06-01/workflowdefinition.json#","contentVersion":"1.0.0.0","parameters":{"$connections":{"defaultValue":{},"type":"Object"},"$authentication":{"defaultValue":{},"type":"SecureObject"}},"triggers":{"manual":{"metadata":{"operationMetadataId":"db6b43a7-8690-4c94-adb8-a561a63a5419"},"type":"Request","kind":"Button","inputs":{"schema":{"type":"object","properties":{"text":{"title":"First Name","type":"string","x-ms-dynamically-added":true,"description":"Please enter First Name","x-ms-content-hint":"TEXT"},"text_1":{"title":"Last Name","type":"string","x-ms-dynamically-added":true,"description":"Please enter Last Name","x-ms-content-hint":"TEXT"},"text_2":{"title":"Display Name","type":"string","x-ms-dynamically-added":true,"description":"Please enter Display Name","x-ms-content-hint":"TEXT"},"text_4":{"title":"Mail Nickname","type":"string","x-ms-dynamically-added":true,"description":"Please enter Mail Nickname","x-ms-content-hint":"TEXT"},"text_5":{"title":"User UPN","type":"string","x-ms-dynamically-added":true,"description":"Please enter User UPN","x-ms-content-hint":"TEXT"},"text_6":{"title":"Manager Name","type":"string","x-ms-dynamically-added":true,"description":"Please enter Manager Name","x-ms-content-hint":"TEXT"},"text_3":{"title":"Manager UPN","type":"string","x-ms-dynamically-added":true,"description":"Please enter Manager UPN","x-ms-content-hint":"TEXT"}},"required":["text","text_1","text_2","text_4","text_5","text_6","text_3"]},"headersSchema":{"x-ms-user-email-encoded":{"title":"User email","type":"string","format":"byte","x-ms-dynamically-added":false}}}}},"actions":{"Get_user_profile_(V2)_-_To_retrieve_the_manager's_UPN":{"runAfter":{"Password_-_To_generate_a_random_password_for_the_user":["Succeeded"]},"metadata":{"operationMetadataId":"4ac81df7-b5e5-4bb6-9ecc-12a9e9be0765"},"type":"OpenApiConnection","inputs":{"host":{"apiId":"/providers/Microsoft.PowerApps/apis/shared_office365users","connectionName":"shared_office365users_1","operationId":"UserProfile_V2"},"parameters":{"id":"@triggerBody()['text_3']"},"authentication":{"value":"@json(decodeBase64(triggerOutputs().headers['X-MS-APIM-Tokens']))['$ConnectionKey']","type":"Raw"}}},"Password_-_To_generate_a_random_password_for_the_user":{"runAfter":{},"metadata":{"operationMetadataId":"06be9f57-b377-4999-9db5-807161704b85"},"type":"InitializeVariable","inputs":{"variables":[{"name":"Password","type":"string","value":"Adm@{rand(10000,99999)}"}]}},"Search_for_users_(V2)_-_To_search_if_the_user_already_exists_in_the_tenant":{"runAfter":{"Get_user_profile_(V2)_-_To_retrieve_the_manager's_UPN":["Succeeded"]},"metadata":{"operationMetadataId":"74a19954-7335-44f9-870f-49e6f13e884f"},"type":"OpenApiConnection","inputs":{"host":{"apiId":"/providers/Microsoft.PowerApps/apis/shared_office365users","connectionName":"shared_office365users","operationId":"SearchUserV2"},"parameters":{"searchTerm":"@triggerBody()['text_5']","isSearchTermRequired":true},"authentication":{"value":"@json(decodeBase64(triggerOutputs().headers['X-MS-APIM-Tokens']))['$ConnectionKey']","type":"Raw"}}},"Condition_-_To_validate_whether_the_User_UPN_already_exists_or_not":{"actions":{"Send_an_email_(V2)_3":{"runAfter":{},"metadata":{"operationMetadataId":"9a402c71-8814-46e8-bc41-c088d5e3dc1c"},"type":"OpenApiConnection","inputs":{"host":{"apiId":"/providers/Microsoft.PowerApps/apis/shared_office365","connectionName":"shared_office365","operationId":"SendEmailV2"},"parameters":{"emailMessage/To":"@triggerOutputs()['headers']['x-ms-user-email-encoded']","emailMessage/Subject":"User UPN Already Exist !","emailMessage/Body":"<p>Hi,<br>\n<br>\nI wanted to notify you that the user UPN you tried to create already exists in our tenant. Please choose a different UPN.<br>\n<br>\nThank you for your understanding.<br>\n<br>\nBest regards,<br>\nAdmin</p>","emailMessage/Importance":"Normal"},"authentication":{"value":"@json(decodeBase64(triggerOutputs().headers['X-MS-APIM-Tokens']))['$ConnectionKey']","type":"Raw"}}}},"runAfter":{"Search_for_users_(V2)_-_To_search_if_the_user_already_exists_in_the_tenant":["Succeeded"]},"else":{"actions":{"Start_and_wait_for_an_approval_-_To_get_approval_for_creating_the_new_user":{"runAfter":{},"metadata":{"operationMetadataId":"32ee1c53-468d-4e53-b180-6f5579fee095"},"type":"OpenApiConnectionWebhook","inputs":{"host":{"apiId":"/providers/Microsoft.PowerApps/apis/shared_approvals","connectionName":"shared_approvals","operationId":"StartAndWaitForAnApproval"},"parameters":{"approvalType":"CustomResponse","WebhookApprovalCreationInput/responseOptions":["Approve","Reject"],"WebhookApprovalCreationInput/title":"New employee approval-@{triggerBody()['text_2']}","WebhookApprovalCreationInput/assignedTo":"@{outputs('Get_user_profile_(V2)_-_To_retrieve_the_manager''s_UPN')?['body/mail']};","WebhookApprovalCreationInput/details":"Hi,\n\nThis is a request for onboarding a new hire into the organization. \n\nPlease find the user's details below.\n\n**Employee's details:**\n**First Name** : @{triggerBody()['text']}\n**Last Name** : @{triggerBody()['text_1']}\n**Display Name** : @{triggerBody()['text_2']}\n**Mail Nickname** : @{triggerBody()['text_4']}\n**User UPN** : @{triggerBody()['text_5']}\n\nKindly review the details and provide approval for onboarding this user into our organization. Upon approval, the new user will be created in our directory successfully, and you will be assigned as the manager to this user.\n\nRegards,\nAdmin","WebhookApprovalCreationInput/enableNotifications":true,"WebhookApprovalCreationInput/enableReassignment":true},"authentication":{"value":"@json(decodeBase64(triggerOutputs().headers['X-MS-APIM-Tokens']))['$ConnectionKey']","type":"Raw"}}},"Condition_2_-_To_set_the_condition_based_on_the_approval_response":{"actions":{"Create_user":{"runAfter":{},"metadata":{"operationMetadataId":"dd46f288-37b1-404d-9543-42e38ae4bf3a"},"type":"OpenApiConnection","inputs":{"host":{"apiId":"/providers/Microsoft.PowerApps/apis/shared_azuread","connectionName":"shared_azuread_1","operationId":"CreateUser"},"parameters":{"body/accountEnabled":true,"body/displayName":"@triggerBody()['text_2']","body/mailNickname":"@triggerBody()['text_4']","body/passwordProfile/password":"@variables('Password')","body/userPrincipalName":"@triggerBody()['text_5']","body/givenName":"@triggerBody()['text']","body/surname":"@triggerBody()['text_1']"},"authentication":{"value":"@json(decodeBase64(triggerOutputs().headers['X-MS-APIM-Tokens']))['$ConnectionKey']","type":"Raw"}}},"Assign_manager":{"runAfter":{"Create_user":["Succeeded"]},"metadata":{"operationMetadataId":"f6a10b1a-f719-4ebb-8e11-e4a5cd18e029"},"type":"OpenApiConnection","inputs":{"host":{"apiId":"/providers/Microsoft.PowerApps/apis/shared_azuread","connectionName":"shared_azuread_1","operationId":"AssignManager"},"parameters":{"id":"@outputs('Create_user')?['body/id']","body/@odata.id":"@outputs('Get_user_profile_(V2)_-_To_retrieve_the_manager''s_UPN')?['body/id']"},"authentication":{"value":"@json(decodeBase64(triggerOutputs().headers['X-MS-APIM-Tokens']))['$ConnectionKey']","type":"Raw"}}},"Send_an_email_(V2)_-_To_notify_the_user_creation_and_manager_assignment":{"runAfter":{"Create_user":["Succeeded"]},"metadata":{"operationMetadataId":"80a2ff61-643d-41b2-a0a7-e57c6a7be16b"},"type":"OpenApiConnection","inputs":{"host":{"apiId":"/providers/Microsoft.PowerApps/apis/shared_office365","connectionName":"shared_office365_1","operationId":"SendEmailV2"},"parameters":{"emailMessage/To":"@outputs('Get_user_profile_(V2)_-_To_retrieve_the_manager''s_UPN')?['body/mail']","emailMessage/Subject":"You have been assigned as the manager for the new user!","emailMessage/Body":"<p>Hi @{outputs('Get_user_profile_(V2)_-_To_retrieve_the_manager''s_UPN')?['body/displayName']},<br>\n<br>\nThe new user ' @{outputs('Create_user')?['body/displayName']} ' has been successfully &nbsp;added to our organization's directory. And you've been assigned as the manager for the user.<br>\n<br>\nPlease find the user's credentials below.<br>\n<br>\n<strong>User ID: </strong><strong>@{outputs('Create_user')?['body/userPrincipalName']}</strong><strong></strong><br>\n<strong>Password: </strong><strong>@{variables('Password')}</strong><strong></strong><br>\n<br>\nYou can share the credentials to the user and guide them for further procedures.<br>\n<br>\nRegards,<br>\nAdmin</p>","emailMessage/Importance":"Normal"},"authentication":{"value":"@json(decodeBase64(triggerOutputs().headers['X-MS-APIM-Tokens']))['$ConnectionKey']","type":"Raw"}}}},"runAfter":{"Start_and_wait_for_an_approval_-_To_get_approval_for_creating_the_new_user":["Succeeded"]},"else":{"actions":{"Send_an_email_(V2)_2_-_To_notify_the_rejection_of_the_approval_request":{"runAfter":{},"metadata":{"operationMetadataId":"f7d34674-e099-431b-ad68-4c30574d51f8"},"type":"OpenApiConnection","inputs":{"host":{"apiId":"/providers/Microsoft.PowerApps/apis/shared_office365","connectionName":"shared_office365_1","operationId":"SendEmailV2"},"parameters":{"emailMessage/To":"@triggerOutputs()['headers']['x-ms-user-email-encoded']","emailMessage/Subject":"Your request for user creation is rejected by @{outputs('Get_user_profile_(V2)_-_To_retrieve_the_manager''s_UPN')?['body/displayName']}","emailMessage/Body":"<p>Hi,<br>\n<strong><br>\n</strong>Your request for adding<strong> \"</strong><strong>@{triggerBody()['text_2']}</strong><strong></strong>\" is rejected by @{outputs('Get_user_profile_(V2)_-_To_retrieve_the_manager''s_UPN')?['body/displayName']}. Please contact the manager for further proceedings.<br>\n<br>\nRegards,<br>\nAdmin</p>","emailMessage/Importance":"Normal"},"authentication":{"value":"@json(decodeBase64(triggerOutputs().headers['X-MS-APIM-Tokens']))['$ConnectionKey']","type":"Raw"}}}}},"expression":{"equals":["@outputs('Start_and_wait_for_an_approval_-_To_get_approval_for_creating_the_new_user')?['body/outcome']","Approve"]},"metadata":{"operationMetadataId":"e1ef7472-5d2a-4664-b3db-b4da392302fe"},"type":"If"}}},"expression":{"greater":["@length(outputs('Search_for_users_(V2)_-_To_search_if_the_user_already_exists_in_the_tenant')?['body/value'])",0]},"metadata":{"operationMetadataId":"e1ef7472-5d2a-4664-b3db-b4da392302fe"},"type":"If"}},"description":"This flow will let you onboard a new user into your Azure AD environment upon getting approval from the manager. Further, the approver will be assigned as the manager to that new user."},"connectionReferences":{"shared_office365users_1":{"connectionName":"shared-office365user-f776bd45-054f-465a-b486-09ea0fbfb352","source":"Invoker","id":"/providers/Microsoft.PowerApps/apis/shared_office365users","tier":"NotSpecified"},"shared_office365users":{"connectionName":"shared-office365user-2d0d883b-a30f-48fb-82de-15d32fc2674b","source":"Invoker","id":"/providers/Microsoft.PowerApps/apis/shared_office365users","tier":"NotSpecified"},"shared_office365":{"connectionName":"shared-office365-19298df0-8ae1-44a9-a2c6-44cf5055335b","source":"Invoker","id":"/providers/Microsoft.PowerApps/apis/shared_office365","tier":"NotSpecified"},"shared_approvals":{"connectionName":"shared-approvals-4f232e88-c4ff-49e6-9242-d2382d975648","source":"Invoker","id":"/providers/Microsoft.PowerApps/apis/shared_approvals","tier":"NotSpecified"},"shared_azuread_1":{"connectionName":"shared-azuread-38d2be16-f314-4745-a70a-7c7cca84f10a","source":"Invoker","id":"/providers/Microsoft.PowerApps/apis/shared_azuread","tier":"NotSpecified"},"shared_office365_1":{"connectionName":"shared-office365-913dec5d-5811-49f0-8e00-e627bcf3db35","source":"Invoker","id":"/providers/Microsoft.PowerApps/apis/shared_office365","tier":"NotSpecified"}},"flowFailureAlertSubscribed":false,"isManaged":false}}